epoch,train_loss,train_accuracy,val_loss,val_accuracy,epoch_seconds,head_lr,backbone_lr
1,0.23596065477109873,0.8910256410256411,0.01594961640269806,1.0,1.7044572219999736,0.001,0.0001
2,0.021085613443014715,1.0,0.0009949880024780417,1.0,1.6663936570000715,0.0009755282581475768,9.755282581475769e-05
3,0.024399423524020955,0.9935897435897436,0.0007856903442492088,1.0,1.6501494199999343,0.0009045084971874736,9.045084971874737e-05
4,0.008361004084014358,1.0,0.0007456276119531443,1.0,1.6815419040001416,0.0007938926261462366,7.938926261462366e-05
5,0.007984438409598974,1.0,0.0006269203020363218,1.0,1.667757366999922,0.0006545084971874737,6.545084971874737e-05
6,0.029379551433987964,0.9807692307692307,0.00047821869116483466,1.0,1.6693439179998677,0.0005,4.9999999999999996e-05
7,0.007236010696476278,1.0,0.00045069726184010506,1.0,1.6752331830000458,0.00034549150281252633,3.454915028125263e-05
8,0.002625104617506552,1.0,0.00041381255141459405,1.0,1.670971401000088,0.0002061073738537635,2.0610737385376345e-05
9,0.01572796193217166,0.9935897435897436,0.00047216243951374456,1.0,1.6615201830002206,9.549150281252634e-05,9.549150281252631e-06
10,0.008990790211380674,1.0,0.00047257612459361553,1.0,1.659667077999984,2.4471741852423235e-05,2.447174185242323e-06
